These theories were sometimes only loosely affiliated , and some sources point out that the `` Frankfurt circle '' was neither a moral school nor a political group .	These theories were sometimes only loosely affiliated , and some sources point out that the `` Frankfurt circle '' was neither a moral school nor a political group .	These theories were sometimes only loosely organization , and some sources point out that the `` Frankfurt set '' was neither a moral school nor a political group .
Nevertheless , they spoke with a common image in mind ; they embraced the Marxist Hegelian assumptions and were obsessed with similar questions .	Nevertheless , they spoke with a common image in mind ; they expressed the Marxist Hegelian assumptions and were lost with similar questions .	Nevertheless , they spoke with a common image in mind ; they expressed the Marxist Hegelian assumptions and were lost with similar questions .
Her face was a deduction of good balance and unexpected amount ; he could have stared at it for hours , trying to find the beginning of its fascination .	Her face was a deduction of good balance and strange number ; he could have smiled at it for hours , trying to place the reason of its fascination .	Her face was a deduction of good balance and strange number ; he could have smiled at it for hours , trying to place the reason of its passion .
Jupiter was the rule of the heavens and the protection of Rome , where his monastery was the center of Roman Religion and of the rage of state .	Jupiter was the rule of the divine and the protection of Rome , where his temple was the center of Roman Religion and of the rage of state .	Jupiter was the rule of the divine and the protection of Rome , where his shrine was the center of Roman Religion and of the rage of state .
Used for heavily vandalized stories or for stories that are current and likely will have traffic due to a real-life occurrence .	Used for heavily vandalized stories or for stories that are current and likely will have traffic due to a real-life occurrence .	Used for heavily stole stories or for stories that are current and likely will have traffic due to a real-life incident .
Twinkle will add the proper comment on the story 's text , and in most cases , will automatically put a comment on the talk text of the editor who created the story .	Twinkle will add the necessary find on the report 's page , and in most cases , will automatically put a find on the talk text of the editor who created the report .	Twinkle will add the necessary find on the report 's text , and in most cases , will automatically put a find on the talk text of the editor who created the report .
Moreover , we you remain within the rationality of common sense to the extent that we suppose you to be good in those multiform “ truths ” of simple experience and action , of research , composition , and believe .	Moreover , we you remain within the rationality of common sense to the extent that we suppose you to be good in those multiform “ truths ” of simple experience and action , of research , composition , and believe .	Moreover , we you remain within the rationality of common sense to the extent that we suppose you to be good in those subjectivity “ facts ” of simple experience and action , of research , report , and believe .
But it can also be made as read : fact is the balance of experience to the matter .	But it can also be had as said : fact is the letter of experience to the matter .	But it can also be had as said : fact is the letter of experience to the matter .
As a facility conferred upon man by God , it must meet its something .	As a content brought upon man by God , it must meet its thought .	As a content brought upon man by God , it must meet its thought .
Likewise , material truth always signifies the pursuance of something at hand with the `` rational '' idea of its core .	Likewise , material truth always signifies the consonance of something at hand with the `` rational '' idea of its effect .	Likewise , material truth always signifies the accordance of something at hand with the `` intellectual '' idea of its effect .
The idea arises that this interpretation of the heart of truth is independent of the interpretation of the heart of the Being of all be , which always includes a check interpretation of the heart of man as the carrier and trustee of intellectus .	The sense arises that this standard of the effect of truth is independent of the interpretation of the effect of the Being of all be , which always includes a like interpretation of the effect of man as the holder and trustee of intellectus .	The sense arises that this standard of the effect of truth is independent of the interpretation of the effect of the Being of all be , which always includes a like interpretation of the effect of man as the holder and trustee of intellectus .
Thus the concept for the heart of truth comes to have its general valid as something immediately visible to all .	Thus the method for the effect of truth comes to have its general valid as something immediately clear to all .	Thus the method for the effect of truth comes to have its general valid as something immediately clear to all .
But then is there any further need at all for a certain introduction of the heart of fact ?	But then is there any further need at all for a certain reveal of the effect of fact ?	But then is there any further need at all for a certain reveal of the effect of fact ?
Moreover , if we take the line back of propositional fact to material fact to be what in the first one it showed itself to be , namely a theology explanation , and if we then keep the moral definition completely mixture of all mix of theological and determine the idea of fact to propositional fact , then we see an old—though not the oldest—tradition of thinking , said to which fact is the applicable of a statement with a matter	Moreover , if we take the line back of propositional fact to material fact to be what in the first one it present itself to be , namely a theology explanation , and if we then keep the moral definition completely true of all mixture of theological and set the idea of fact to propositional truth , then we see an old—though not the oldest—tradition of thinking , said to which fact is the accordance of a statement with a matter	Moreover , if we take the line back of subjectivist fact to material fact to be what in the first one it present itself to be , namely a theology reason , and if we then keep the moral standard completely true of all mixture of theological and set the idea of fact to subjectivist fact , then we see an old—though not the oldest—tradition of thinking , said to which fact is the pursuant of a statement with a matter
But in midst of all their similarity the above command , as real , is in conjunction with the strike .	But in given of all their dissimilarity the above statement , as real , is in accordance with the strike .	But in given of all their variation the above report , as real , is in pursuant with the strike .
And according to the common idea of truth this agreement is wanted to be a letter .	And according to the usual idea of truth this deal is said to be a letter .	And according to the than idea of truth this deal is said to be a letter .
