These scholars were sometimes only roughly satellite , and some co-sponsors point out that the `` Frankfurt circle '' was neither a theoretical school nor a political group .These scholars were sometimes only roughly satellite , and some co-sponsors point out that the `` Frankfurt circle '' was neither a theoretical school nor a political group .These scholars were sometimes only roughly satellite , and some co-sponsors point out that the `` Frankfurt circle '' was neither a theoretical school nor a political group .These scholars were sometimes only roughly satellite , and some co-sponsors point out that the `` Frankfurt circle '' was neither a theoretical school nor a political group .	These skills were sometimes only little affiliated , and some have point out that the `` Frankfurt circle '' was neither a moral school nor a political group .These theorists were sometimes only loosely affiliated , and some authors point out that the `` Frankfurt circle '' was neither a philosophical school nor a political group .These scholars were sometimes only roughly satellite , and some co-sponsors point out that the `` Frankfurt circle '' was neither a theoretical school nor a political group .	These theory were sometimes only little members , and some have point out that the `` Frankfurt circle '' was neither a moral school nor a political group .					
Nevertheless , they spoke with a common re-determination in mind ; they shared the Marxist Hegelian establishment and were upset with similar questions .Nevertheless , they spoke with a common re-determination in mind ; they shared the Marxist Hegelian establishment and were upset with similar questions .Nevertheless , they spoke with a common re-determination in mind ; they shared the Marxist Hegelian establishment and were upset with similar questions .Nevertheless , they spoke with a common re-determination in mind ; they shared the Marxist Hegelian establishment and were upset with similar questions .	Nevertheless , they spoke with a common way in mind ; they shared the Marxist Hegelian place and were looked with similar questions .Nevertheless , they spoke with a common concept in mind ; they shared the Marxist Hegelian industries and were preoccupied with similar questions .Nevertheless , they spoke with a common re-determination in mind ; they shared the Marxist Hegelian establishment and were upset with similar questions .	Nevertheless , they spoke with a common way in mind ; they shared the Marxist Hegelian place and were looked with similar questions .					
Her face was a report of perfect uniformity and unusual expenditure ; he could have gasped at it for hours , trying to recognise the source of its glamour .Her face was a report of perfect uniformity and unusual expenditure ; he could have gasped at it for hours , trying to recognise the source of its glamour .Her face was a report of perfect uniformity and unusual expenditure ; he could have gasped at it for hours , trying to recognise the source of its glamour .Her face was a report of perfect uniformity and unusual expenditure ; he could have gasped at it for hours , trying to recognise the source of its glamour .	Her face was a word of perfect balance and unusual number ; he could have smiled at it for hours , trying to be the source of its love .Her face was a synthesis of perfect symmetry and unusual proportion ; he could have gazed at it for hours , trying to locate the source of its fascination .Her face was a report of perfect uniformity and unusual expenditure ; he could have gasped at it for hours , trying to recognise the source of its glamour .	Her face was a word of perfect balance and unusual time ; he could have smiled at it for hours , trying to be the source of its love .					
Jupiter was the overseer of the visits and the lawyer of Rome , where his rate was the center of Roman Religion and of the falungong of state .Jupiter was the overseer of the visits and the lawyer of Rome , where his rate was the center of Roman Religion and of the falungong of state .Jupiter was the overseer of the visits and the lawyer of Rome , where his rate was the center of Roman Religion and of the falungong of state .Jupiter was the overseer of the visits and the lawyer of Rome , where his rate was the center of Roman Religion and of the falungong of state .	Jupiter was the head of the no and the protection of Rome , where his place was the center of Roman Religion and of the group of state .Jupiter was the head of the no and the protection of Rome , where his place was the center of Roman Religion and of the group of state .Jupiter was the overseer of the visits and the lawyer of Rome , where his rate was the center of Roman Religion and of the falungong of state .	Jupiter was the head of the no and the protection of Rome , where his place was the center of Roman Religion and of the group of state .					
Used for heavily upset establishment or for establishment that are current and likely will have traffic due to a immediate establishment .Used for heavily upset establishment or for establishment that are current and likely will have traffic due to a immediate establishment .Used for heavily upset establishment or for establishment that are current and likely will have traffic due to a immediate establishment .Used for heavily upset establishment or for establishment that are current and likely will have traffic due to a immediate establishment .	Used for heavily damaged things or for its that are current and likely will have traffic due to a right story .Used for heavily broke book or for book that are current and likely will have traffic due to a real-life flare-up .Used for heavily upset establishment or for establishment that are current and likely will have traffic due to a immediate establishment .	Used for heavily broke . or for . that are current and likely will have traffic due to a right time .					
Twinkle will add the appropriate notice on the article varies page , and in most cases , will necessarily put a notice on the talk page of the editor who created the article .Twinkle will add the appropriate notice on the article varies page , and in most cases , will necessarily put a notice on the talk page of the editor who created the article .Twinkle will add the appropriate notice on the article varies page , and in most cases , will necessarily put a notice on the talk page of the editor who created the article .Twinkle will add the appropriate notice on the article varies page , and in most cases , will necessarily put a notice on the talk page of the editor who created the article .	Twinkle will add the appropriate notice on the article of page , and in most cases , will be put a notice on the talk page of the editor who created the article .Twinkle will add the appropriate notice on the article lives page , and in most cases , will automatically put a notice on the talk page of the editor who created the article .Twinkle will add the appropriate notice on the article varies page , and in most cases , will necessarily put a notice on the talk page of the editor who created the article .	Twinkle will add the appropriate notice on the article of page , and in most cases , will be put a notice on the talk page of the editor who created the article .					
Moreover , we ourselves remain within the passivism of common sense to the extent that we suppose ourselves to be stop in those multi-pronged “ evidences ” of practical experience and action , of research , establishment , and belief .Moreover , we ourselves remain within the passivism of common sense to the extent that we suppose ourselves to be stop in those multi-pronged “ evidences ” of practical experience and action , of research , establishment , and belief .Moreover , we ourselves remain within the passivism of common sense to the extent that we suppose ourselves to be stop in those multi-pronged “ evidences ” of practical experience and action , of research , establishment , and belief .Moreover , we ourselves remain within the passivism of common sense to the extent that we suppose ourselves to be stop in those multi-pronged “ evidences ” of practical experience and action , of research , establishment , and belief .	Moreover , we ourselves remain within the rationality of common sense to the extent that we suppose ourselves to be be in those multiform “ truths ” of practical experience and action , of research , composition , and belief .Moreover , we ourselves remain within the sensibleness of common sense to the extent that we suppose ourselves to be keep in those multiform “ truths ” of practical experience and action , of research , bowing , and belief .Moreover , we ourselves remain within the passivism of common sense to the extent that we suppose ourselves to be stop in those multi-pronged “ evidences ” of practical experience and action , of research , establishment , and belief .	Moreover , we ourselves remain within the rationality of common sense to the extent that we suppose ourselves to be be in those complex “ fact ” of practical experience and action , of research , way , and belief .					
But it can also be taken as saying : truth is the messaging of knowledge to the matter .But it can also be taken as saying : truth is the messaging of knowledge to the matter .But it can also be taken as saying : truth is the messaging of knowledge to the matter .But it can also be taken as saying : truth is the messaging of knowledge to the matter .	But it can also be taken as saying : truth is the business of knowledge to the matter .But it can also be taken as saying : truth is the correspondence of knowledge to the matter .But it can also be taken as saying : truth is the messaging of knowledge to the matter .	But it can also be taken as saying : truth is the business of knowledge to the matter .					
As a capacity offered upon man by God , it must stop its idea .As a capacity offered upon man by God , it must stop its idea .As a capacity offered upon man by God , it must stop its idea .As a capacity offered upon man by God , it must stop its idea .	As a capacity him upon man by God , it must be its idea .As a capacity bestowed upon man by God , it must satisfy its idea .As a capacity offered upon man by God , it must stop its idea .	As a capacity him upon man by God , it must be its idea .					
Likewise , material truth always infers the line of something at hand with the `` prudent '' concept of its amount .Likewise , material truth always infers the line of something at hand with the `` prudent '' concept of its amount .Likewise , material truth always infers the line of something at hand with the `` prudent '' concept of its amount .Likewise , material truth always infers the line of something at hand with the `` prudent '' concept of its amount .	Likewise , material truth always does the light of something at hand with the `` rational '' concept of its being .Likewise , material truth always signifies the consonance of something at hand with the `` rationality '' concept of its duality .Likewise , material truth always infers the line of something at hand with the `` prudent '' concept of its amount .	Likewise , material truth always does the light of something at hand with the `` good '' concept of its being .					
The impression provisions that this establishment of the amount of truth is independent of the interpretation of the amount of the Being of all hommes , which always includes a corresponding interpretation of the amount of man as the debtor and implementer of intellectus .The impression provisions that this establishment of the amount of truth is independent of the interpretation of the amount of the Being of all hommes , which always includes a corresponding interpretation of the amount of man as the debtor and implementer of intellectus .The impression provisions that this establishment of the amount of truth is independent of the interpretation of the amount of the Being of all hommes , which always includes a corresponding interpretation of the amount of man as the debtor and implementer of intellectus .The impression provisions that this establishment of the amount of truth is independent of the interpretation of the amount of the Being of all hommes , which always includes a corresponding interpretation of the amount of man as the debtor and implementer of intellectus .	The impression is that this way of the being of truth is independent of the interpretation of the being of the Being of all be , which always includes a corresponding interpretation of the being of man as the hand and access of intellectus .The impression arises that this definition of the essence of truth is independent of the interpretation of the essence of the Being of all beings , which always includes a corresponding interpretation of the essence of man as the bearer and executor of intellectus .The impression provisions that this establishment of the amount of truth is independent of the interpretation of the amount of the Being of all hommes , which always includes a corresponding interpretation of the amount of man as the debtor and implementer of intellectus .	The impression is that this way of the being of truth is independent of the interpretation of the being of the Being of all be , which always includes a corresponding interpretation of the being of man as the hand and access of intellectus .					
Thus the formula for the amount of truth comes to have its general strength as something immediately evident to everyone .Thus the formula for the amount of truth comes to have its general strength as something immediately evident to everyone .Thus the formula for the amount of truth comes to have its general strength as something immediately evident to everyone .Thus the formula for the amount of truth comes to have its general strength as something immediately evident to everyone .	Thus the formula for the being of truth comes to have its general time as something immediately evident to everyone .Thus the formula for the essence of truth comes to have its general validity as something immediately evident to everyone .Thus the formula for the amount of truth comes to have its general strength as something immediately evident to everyone .	Thus the formula for the being of truth comes to have its general time as something immediately evident to everyone .					
But then is there any further need at all for a special discovering of the amount of truth ?But then is there any further need at all for a special discovering of the amount of truth ?But then is there any further need at all for a special discovering of the amount of truth ?But then is there any further need at all for a special discovering of the amount of truth ?	But then is there any further need at all for a special show of the being of truth ?But then is there any further need at all for a special unveiling of the essence of truth ?But then is there any further need at all for a special discovering of the amount of truth ?	But then is there any further need at all for a special show of the being of truth ?					
Moreover , if we take the discovering back of construal truth to material truth to be what in the first instance it shows itself to be , defined a divinity explanation , and if we then keep the theoretical establishment completely pure of all ladle of jurisprudence and limit the concept of truth to construal truth , then we rencontre an old—though not the oldest—tradition of thinking , according to which truth is the report of a statement with a matterMoreover , if we take the discovering back of construal truth to material truth to be what in the first instance it shows itself to be , defined a divinity explanation , and if we then keep the theoretical establishment completely pure of all ladle of jurisprudence and limit the concept of truth to construal truth , then we rencontre an old—though not the oldest—tradition of thinking , according to which truth is the report of a statement with a matterMoreover , if we take the discovering back of construal truth to material truth to be what in the first instance it shows itself to be , defined a divinity explanation , and if we then keep the theoretical establishment completely pure of all ladle of jurisprudence and limit the concept of truth to construal truth , then we rencontre an old—though not the oldest—tradition of thinking , according to which truth is the report of a statement with a matterMoreover , if we take the discovering back of construal truth to material truth to be what in the first instance it shows itself to be , defined a divinity explanation , and if we then keep the theoretical establishment completely pure of all ladle of jurisprudence and limit the concept of truth to construal truth , then we rencontre an old—though not the oldest—tradition of thinking , according to which truth is the report of a statement with a matter	Moreover , if we take the find back of propositional truth to material truth to be what in the first instance it shows itself to be , that a theology explanation , and if we then keep the moral question completely pure of all combination of literature and limit the concept of truth to propositional truth , then we have an old—though not the oldest—tradition of thinking , according to which truth is the way of a statement with a matterMoreover , if we take the tracing back of hermeneutical truth to material truth to be what in the first instance it shows itself to be , this a theological explanation , and if we then keep the philosophical definition completely pure of all admixture of seminary and limit the concept of truth to hermeneutical truth , then we encounter an old—though not the oldest—tradition of thinking , according to which truth is the second of a statement with a matterMoreover , if we take the discovering back of construal truth to material truth to be what in the first instance it shows itself to be , defined a divinity explanation , and if we then keep the theoretical establishment completely pure of all ladle of jurisprudence and limit the concept of truth to construal truth , then we rencontre an old—though not the oldest—tradition of thinking , according to which truth is the report of a statement with a matter	Moreover , if we take the find back of subjectivist truth to material truth to be what in the first instance it shows itself to be , that a theology explanation , and if we then keep the moral way completely pure of all combination of literature and limit the concept of truth to subjectivist truth , then we have an old—though not the oldest—tradition of thinking , according to which truth is the way of a statement with a matter					
But in spite of all their difference the above statement , as true , is in report with the item .But in spite of all their difference the above statement , as true , is in report with the item .But in spite of all their difference the above statement , as true , is in report with the item .But in spite of all their difference the above statement , as true , is in report with the item .	But in spite of all their difference the above statement , as true , is in way with the use .But in spite of all their dissimilarity the above statement , as true , is in accordance with the coin .But in spite of all their difference the above statement , as true , is in report with the item .	But in spite of all their difference the above statement , as true , is in way with the use .					
And according to the usual concept of truth this recognise is supposed to be a messaging .And according to the usual concept of truth this recognise is supposed to be a messaging .And according to the usual concept of truth this recognise is supposed to be a messaging .And according to the usual concept of truth this recognise is supposed to be a messaging .	And according to the usual concept of truth this be is supposed to be a business .And according to the usual concept of truth this accord is supposed to be a correspondence .And according to the usual concept of truth this recognise is supposed to be a messaging .	And according to the usual concept of truth this be is supposed to be a business .					
